Linguagem,Projeto,Numero de Tokens de Codigo Fonte (Excluindo Tokens de Comentario),Numero de Tokens apenas dos Comentarios,Numero Total de Tokens do Projeto,NTCF/NTTP (%),NTC/NTTP (%),Numero de Caracteres de Codigo Fonte (Excluindo Caracteres de Comentario),Numero de Caracteres apenas dos Comentarios,Numero Total de Carateres do Projeto,NCCF/NTCP (%),NCC/NTCP (%)
C#,0xd4d | de4dot,476621,73970,550591,86.57,13.43,1918381,308956,2227337,86.13,13.87
C#,0xd4d | dnSpy,2599994,995300,3595294,72.32,27.68,12780635,3992637,16773272,76.20,23.80
C#,2dust | v2rayN,60120,11562,71682,83.87,16.13,246620,48182,294802,83.66,16.34
C#,aalhour | C-Sharp-Algorithms,105444,42107,147551,71.46,28.54,390309,165934,556243,70.17,29.83
C#,Accelerider | BaiduPanDownloadWinform,29492,3813,33305,88.55,11.45,118773,16615,135388,87.73,12.27
C#,accord-net | framework,7317481,3997013,11314494,64.67,35.33,22433163,14167794,36600957,61.29,38.71
C#,akkadotnet | akka.net,1652502,917313,2569815,64.30,35.70,6972577,3317788,10290365,67.76,32.24
C#,AngleSharp | AngleSharp,1078167,128324,1206491,89.36,10.64,5231691,501205,5732896,91.26,8.74
C#,App-vNext | Polly,305393,163924,469317,65.07,34.93,1466660,702287,2168947,67.62,32.38
C#,ardalis | CleanArchitecture,4902,336,5238,93.59,6.41,21964,1596,23560,93.23,6.77
C#,aspnet | AspNetCore,5190417,1288452,6478869,80.11,19.89,26068474,5201726,31270200,83.37,16.63
C#,aspnet | AspNetCore.Docs,648646,43663,692309,93.69,6.31,2965098,198754,3163852,93.72,6.28
C#,aspnet | Blazor,2566,550,3116,82.35,17.65,12292,2382,14674,83.77,16.23
C#,aspnetboilerplate | aspnetboilerplate,503113,145739,648852,77.54,22.46,2418567,563545,2982112,81.10,18.90
C#,aspnet | EntityFrameworkCore,3267773,1062859,4330632,75.46,24.54,16437545,4486727,20924272,78.56,21.44
C#,aspnet | Identity,217446,108833,326279,66.64,33.36,1020085,432365,1452450,70.23,29.77
C#,aspnet | JavaScriptServices,18928,14343,33271,56.89,43.11,99584,61450,161034,61.84,38.16
C#,aspnet | KestrelHttpServer,403653,64704,468357,86.18,13.82,1869904,273437,2143341,87.24,12.76
C#,aspnet | Mvc,1551009,505800,2056809,75.41,24.59,7775744,1996933,9772677,79.57,20.43
C#,aspnet | SignalR,254695,67463,322158,79.06,20.94,1213652,278021,1491673,81.36,18.64
C#,autofac | Autofac,150450,108507,258957,58.10,41.90,695435,447562,1142997,60.84,39.16
C#,AutoMapper | AutoMapper,284614,17804,302418,94.11,5.89,1203670,76730,1280400,94.01,5.99
C#,AvaloniaUI | Avalonia,869247,306889,1176136,73.91,26.09,3723710,1206434,4930144,75.53,24.47
C#,Azure | DotNetty,627291,159589,786880,79.72,20.28,2557257,637033,3194290,80.06,19.94
C#,bchavez | Bogus,75111,23688,98799,76.02,23.98,268044,88038,356082,75.28,24.72
C#,BearishSun | BansheeEngine,191058,123098,314156,60.82,39.18,861598,513299,1374897,62.67,37.33
C#,bitwarden | server,182389,6234,188623,96.69,3.31,854455,26258,880713,97.02,2.98
C#,brandonlw | Psychson,10153,1552,11705,86.74,13.26,34299,5263,39562,86.70,13.30
C#,cake-build | cake,581245,336808,918053,63.31,36.69,2765767,1284460,4050227,68.29,31.71
C#,cefsharp | CefSharp,107873,139234,247107,43.65,56.35,514377,565934,1080311,47.61,52.39
C#,chocolatey | choco,216474,69131,285605,75.79,24.21,1214307,300236,1514543,80.18,19.82
C#,ClusterM | hakchi2,231290,134388,365678,63.25,36.75,1010066,546478,1556544,64.89,35.11
C#,CodeHubApp | CodeHub,159808,10209,170017,94.00,6.00,699061,40514,739575,94.52,5.48
C#,Codeusa | Borderless-Gaming,38664,18586,57250,67.54,32.46,184499,79596,264095,69.86,30.14
C#,dodyg | practical-aspnetcore,84369,4537,88906,94.90,5.10,413233,22309,435542,94.88,5.12
C#,domaindrivendev | Swashbuckle,37169,4477,41646,89.25,10.75,180561,18990,199551,90.48,9.52
C#,domaindrivendev | Swashbuckle.AspNetCore,61622,7794,69416,88.77,11.23,301371,33014,334385,90.13,9.87
C#,dotnet-architecture | eShopOnContainers,279007,46531,325538,85.71,14.29,1439242,214874,1654116,87.01,12.99
C#,dotnet | BenchmarkDotNet,330762,43921,374683,88.28,11.72,1559417,188483,1747900,89.22,10.78
C#,dotnet | cli,289080,39293,328373,88.03,11.97,1517469,173526,1690995,89.74,10.26
C#,dotnetcore | CAP,85355,21544,106899,79.85,20.15,431629,88174,519803,83.04,16.96
C#,dotnet | coreclr,30636229,11475399,42111628,72.75,27.25,90643175,25022949,115666124,78.37,21.63
C#,dotnetcore | DotnetSpider,107595,41002,148597,72.41,27.59,453044,170602,623646,72.64,27.36
C#,dotnet | corefx,23849079,4923530,28772609,82.89,17.11,100323347,20086384,120409731,83.32,16.68
C#,dotnet | corert,2767789,1260762,4028551,68.70,31.30,12408069,5220749,17628818,70.39,29.61
C#,dotnetcore | surging,294448,124421,418869,70.30,29.70,1315482,475405,1790887,73.45,26.55
C#,dotnetcore | Util,462306,231930,694236,66.59,33.41,1999830,910847,2910677,68.71,31.29
C#,dotnet | machinelearning,1775772,721051,2496823,71.12,28.88,7603301,2929540,10532841,72.19,27.81
C#,dotnet | orleans,1240759,337739,1578498,78.60,21.40,6113876,1411099,7524975,81.25,18.75
C#,dotnet | reactive,2648750,553177,3201927,82.72,17.28,9825833,2350850,12176683,80.69,19.31
C#,dotnet | roslyn,12191041,3263310,15454351,78.88,21.12,79728539,12620416,92348955,86.33,13.67
C#,dotnet | standard,4458585,25306,4483891,99.44,0.56,19863740,149095,20012835,99.26,0.74
C#,dotnet-state-machine | stateless,53411,23016,76427,69.88,30.12,218399,95300,313699,69.62,30.38
C#,dotnet | winforms,2479807,866762,3346569,74.10,25.90,11430918,3864275,15295193,74.74,25.26
C#,dotnet | wpf,822824,280050,1102874,74.61,25.39,3759932,1166974,4926906,76.31,23.69
C#,duplicati | duplicati,482746,176275,659021,73.25,26.75,2241269,711588,2952857,75.90,24.10
C#,dvf | blockchain,1888,423,2311,81.70,18.30,7438,1849,9287,80.09,19.91
C#,EduardoPires | EquinoxProject,25320,1236,26556,95.35,4.65,117883,5561,123444,95.50,4.50
C#,egametang | ET,1609876,875510,2485386,64.77,35.23,7128407,3521916,10650323,66.93,33.07
C#,elastic | elasticsearch-net,1400819,444133,1844952,75.93,24.07,6155507,1975479,8130986,75.70,24.30
C#,ElectronNET | Electron.NET,34976,25988,60964,57.37,42.63,160203,99145,259348,61.77,38.23
C#,EventStore | EventStore,1296990,84079,1381069,93.91,6.09,6232914,347443,6580357,94.72,5.28
C#,ExtendRealityLtd | VRTK,32458,24326,56784,57.16,42.84,175033,94829,269862,64.86,35.14
C#,felixse | FluentTerminal,65667,2108,67775,96.89,3.11,317901,8964,326865,97.26,2.74
C#,ferventdesert | Hawk,162354,18792,181146,89.63,10.37,620267,80816,701083,88.47,11.53
C#,firstfloorsoftware | mui,36322,21028,57350,63.33,36.67,162877,83903,246780,66.00,34.00
C#,fluentmigrator | fluentmigrator,460575,181760,642335,71.70,28.30,2516970,759314,3276284,76.82,23.18
C#,Fody | Fody,23097,1979,25076,92.11,7.89,112513,7550,120063,93.71,6.29
C#,gitextensions | gitextensions,1042536,131038,1173574,88.83,11.17,4758570,543257,5301827,89.75,10.25
C#,Glimpse | Glimpse,342014,92096,434110,78.79,21.21,1457040,357187,1814227,80.31,19.69
C#,GoogleCloudPlatform | microservices-demo,40773,4203,44976,90.66,9.34,189735,17645,207380,91.49,8.51
C#,googlevr | gvr-unity-sdk,83036,75402,158438,52.41,47.59,412801,294788,707589,58.34,41.66
C#,graphql-dotnet | graphql-dotnet,174151,10586,184737,94.27,5.73,877769,40974,918743,95.54,4.46
C#,HangfireIO | Hangfire,242787,94317,337104,72.02,27.98,1223224,388478,1611702,75.90,24.10
C#,hbons | SparkleShare,70128,13634,83762,83.72,16.28,314680,56762,371442,84.72,15.28
C#,HearthSim | Hearthstone-Deck-Tracker,288397,11994,300391,96.01,3.99,1260978,49528,1310506,96.22,3.78
C#,HJLebbink | asm-dude,313384,74815,388199,80.73,19.27,1226733,314936,1541669,79.57,20.43
C#,Humanizr | Humanizer,189159,32591,221750,85.30,14.70,799538,121291,920829,86.83,13.17
C#,icsharpcode | ILSpy,975888,345466,1321354,73.86,26.14,4332236,1436039,5768275,75.10,24.90
C#,IdentityServer | IdentityServer3,214912,120609,335521,64.05,35.95,1132236,490349,1622585,69.78,30.22
C#,IdentityServer | IdentityServer4,421546,118269,539815,78.09,21.91,2061009,488121,2549130,80.85,19.15
C#,intel | acat,718155,345254,1063409,67.53,32.47,2981417,1455159,4436576,67.20,32.80
C#,itinance | react-native-fs,13481,1263,14744,91.43,8.57,51647,5501,57148,90.37,9.63
C#,Jackett | Jackett,252375,21398,273773,92.18,7.82,1240612,89139,1329751,93.30,6.70
C#,JamesNK | Newtonsoft.Json,746128,327402,1073530,69.50,30.50,3519792,1315434,4835226,72.79,27.21
C#,JanKallman | EPPlus,683092,444119,1127211,60.60,39.40,2703093,1876291,4579384,59.03,40.97
C#,JasonGT | NorthwindTraders,156156,319,156475,99.80,0.20,1239920,1510,1241430,99.88,0.12
C#,jbogard | MediatR,36559,13981,50540,72.34,27.66,147292,57070,204362,72.07,27.93
C#,JeffreySu | WeiXinMPSDK,470959,460232,931191,50.58,49.42,2387025,2272575,4659600,51.23,48.77
C#,jellyfin | jellyfin,820592,196933,1017525,80.65,19.35,3760386,736259,4496645,83.63,16.37
C#,JeremySkinner | FluentValidation,141410,59558,200968,70.36,29.64,718249,257911,976160,73.58,26.42
C#,JimBobSquarePants | ImageProcessor,140423,177849,318272,44.12,55.88,576599,633644,1210243,47.64,52.36
C#,Jimmey-Jiang | Common.Utility,176897,79195,256092,69.08,30.92,707250,365093,1072343,65.95,34.05
C#,JoshClose | CsvHelper,158452,71811,230263,68.81,31.19,606199,286093,892292,67.94,32.06
C#,jstedfast | MailKit,437918,561972,999890,43.80,56.20,1943499,2296853,4240352,45.83,54.17
C#,JustArchiNET | ArchiSteamFarm,137366,38805,176171,77.97,22.03,596890,140356,737246,80.96,19.04
C#,KeenSoftwareHouse | SpaceEngineers,3850029,604833,4454862,86.42,13.58,17748479,2570803,20319282,87.35,12.65
C#,kevin-montrose | Jil,514833,26871,541704,95.04,4.96,1987200,95374,2082574,95.42,4.58
C#,kohsuke | winsw,28911,8630,37541,77.01,22.99,138946,36641,175587,79.13,20.87
C#,LazoCoder | Windows-Hacks,12660,2415,15075,83.98,16.02,44447,9116,53563,82.98,17.02
C#,Live-Charts | Live-Charts,280413,194263,474676,59.07,40.93,1129576,767758,1897334,59.53,40.47
C#,louthy | language-ext,2040678,2158554,4199232,48.60,51.40,5015167,6817933,11833100,42.38,57.62
C#,MahApps | MahApps.Metro,171502,42397,213899,80.18,19.82,839144,173801,1012945,82.84,17.16
C#,MassTransit | MassTransit,965078,575580,1540658,62.64,37.36,4893438,2431756,7325194,66.80,33.20
C#,MaterialDesignInXAML | MaterialDesignInXamlToolkit,124897,18685,143582,86.99,13.01,1521701,74453,1596154,95.34,4.66
C#,mbdavid | LiteDB,116534,27437,143971,80.94,19.06,425167,108600,533767,79.65,20.35
C#,MediaBrowser | Emby,999402,226229,1225631,81.54,18.46,4054728,994460,5049188,80.30,19.70
C#,Microsoft | ailab,158748,32245,190993,83.12,16.88,737420,134913,872333,84.53,15.47
C#,Microsoft | FASTER,110842,29706,140548,78.86,21.14,450703,114633,565336,79.72,20.28
C#,Microsoft | Git-Credential-Manager-for-Windows,164551,109000,273551,60.15,39.85,768298,451834,1220132,62.97,37.03
C#,Microsoft | MixedRealityToolkit-Unity,388995,156044,545039,71.37,28.63,1982582,650867,2633449,75.28,24.72
C#,Microsoft | msbuild,2422884,1270309,3693193,65.60,34.40,14502124,5208979,19711103,73.57,26.43
C#,Microsoft | PTVS,1418318,461007,1879325,75.47,24.53,6891775,2007716,8899491,77.44,22.56
C#,Microsoft | Quantum,30928,15768,46696,66.23,33.77,128511,68677,197188,65.17,34.83
C#,Microsoft | react-native-windows,258428,126854,385282,67.08,32.92,1173095,491788,1664883,70.46,29.54
C#,Microsoft | referencesource,18636275,6859190,25495465,73.10,26.90,93522013,27274590,120796603,77.42,22.58
C#,Microsoft | VFSForGit,430334,43154,473488,90.89,9.11,2233542,191815,2425357,92.09,7.91
C#,Microsoft | VisualStudioUninstaller,12860,6440,19300,66.63,33.37,60998,25049,86047,70.89,29.11
C#,migueldeicaza | gui.cs,50932,27955,78887,64.56,35.44,172264,104641,276905,62.21,37.79
C#,migueldeicaza | TensorFlowSharp,201553,327876,529429,38.07,61.93,781484,1176204,1957688,39.92,60.08
C#,mongodb | mongo-csharp-driver,1970357,755347,2725704,72.29,27.71,8862007,3027927,11889934,74.53,25.47
C#,MonoGame | MonoGame,1038987,436012,1474999,70.44,29.56,4062856,1757065,5819921,69.81,30.19
C#,mono | mono,35442821,12049629,47492450,74.63,25.37,162530197,49019613,211549810,76.83,23.17
C#,mono | monodevelop,4352808,1578994,5931802,73.38,26.62,19452663,6754338,26207001,74.23,25.77
C#,moq | moq4,176717,72716,249433,70.85,29.15,656308,277869,934177,70.26,29.74
C#,mRemoteNG | mRemoteNG,400511,55878,456389,87.76,12.24,1958380,228431,2186811,89.55,10.45
C#,MvvmCross | MvvmCross,574688,103340,678028,84.76,15.24,2923807,448072,3371879,86.71,13.29
C#,mxgmn | WaveFunctionCollapse,6368,1045,7413,85.90,14.10,15064,4535,19599,76.86,23.14
C#,NancyFx | Nancy,430398,207303,637701,67.49,32.51,1994842,806480,2801322,71.21,28.79
C#,naudio | NAudio,293940,138648,432588,67.95,32.05,1281506,571663,1853169,69.15,30.85
C#,nefarius | ScpToolkit,129863,26824,156687,82.88,17.12,559824,107673,667497,83.87,16.13
C#,neo-project | neo,169026,11546,180572,93.61,6.39,628708,39927,668635,94.03,5.97
C#,neuecc | UniRx,320495,33568,354063,90.52,9.48,1192468,144018,1336486,89.22,10.78
C#,NickeManarin | ScreenToGif,276507,79183,355690,77.74,22.26,1168200,306464,1474664,79.22,20.78
C#,ninject | Ninject,174183,108987,283170,61.51,38.49,760534,412161,1172695,64.85,35.15
C#,NLog | NLog,497628,448395,946023,52.60,47.40,2448606,1888056,4336662,56.46,43.54
C#,nopSolutions | nopCommerce,1153506,453863,1607369,71.76,28.24,6273076,1838193,8111269,77.34,22.66
C#,Nummer | Destroy-Windows-10-Spying,8667,1433,10100,85.81,14.19,59043,6173,65216,90.53,9.47
C#,OfficeDev | Open-XML-SDK,2315518,1610402,3925920,58.98,41.02,13022317,6273631,19295948,67.49,32.51
C#,OneGet | oneget,251446,181986,433432,58.01,41.99,1135162,729151,1864313,60.89,39.11
C#,OpenLiveWriter | OpenLiveWriter,2491521,532409,3023930,82.39,17.61,11506634,2195462,13702096,83.98,16.02
C#,OpenRA | OpenRA,865333,147278,1012611,85.46,14.54,3576417,585619,4162036,85.93,14.07
C#,opserver | Opserver,164659,23165,187824,87.67,12.33,781427,88295,869722,89.85,10.15
C#,OptiKey | OptiKey,209339,45422,254761,82.17,17.83,1114340,183305,1297645,85.87,14.13
C#,OrchardCMS | OrchardCore,581185,87247,668432,86.95,13.05,2852502,357543,3210045,88.86,11.14
C#,Perfare | AssetStudio,172351,40905,213256,80.82,19.18,924291,171022,1095313,84.39,15.61
C#,picoe | Eto,1038318,347510,1385828,74.92,25.08,4092137,1296329,5388466,75.94,24.06
C#,PKISharp | win-acme,77395,11927,89322,86.65,13.35,347222,46446,393668,88.20,11.80
C#,playgameservices | play-games-plugin-for-unity,147946,91902,239848,61.68,38.32,715928,373534,1089462,65.71,34.29
C#,PowerShell | PowerShell,2488496,1411605,3900101,63.81,36.19,12758167,5798706,18556873,68.75,31.25
C#,ppy | osu,564873,116315,681188,82.92,17.08,2361690,438346,2800036,84.34,15.66
C#,praeclarum | sqlite-net,57312,17276,74588,76.84,23.16,211198,66862,278060,75.95,24.05
C#,PrismLibrary | Prism,345369,112675,458044,75.40,24.60,1805819,459335,2265154,79.72,20.28
C#,projectkudu | kudu,364407,48438,412845,88.27,11.73,1793418,202004,1995422,89.88,10.12
C#,QL-Win | QuickLook,39961,20314,60275,66.30,33.70,169457,83236,252693,67.06,32.94
C#,QuantConnect | Lean,1524262,1240227,2764489,55.14,44.86,6941499,5305077,12246576,56.68,43.32
C#,quartznet | quartznet,283643,211150,494793,57.33,42.67,1376419,804275,2180694,63.12,36.88
C#,quasar | QuasarRAT,180368,36886,217254,83.02,16.98,754587,147941,902528,83.61,16.39
C#,Radarr | Radarr,781427,89879,871306,89.68,10.32,3526450,380546,3906996,90.26,9.74
C#,ravendb | ravendb,3061604,291138,3352742,91.32,8.68,13446298,1077650,14523948,92.58,7.42
C#,reactiveui | ReactiveUI,424331,196143,620474,68.39,31.61,2238347,833305,3071652,72.87,27.13
C#,reactiveui | refit,68680,6344,75024,91.54,8.46,302010,24484,326494,92.50,7.50
C#,react-native-community | react-native-linear-gradient,1635,250,1885,86.74,13.26,7114,1066,8180,86.97,13.03
C#,Redth | PushSharp,25195,5845,31040,81.17,18.83,120501,23197,143698,83.86,16.14
C#,restsharp | RestSharp,97987,29081,127068,77.11,22.89,422157,118654,540811,78.06,21.94
C#,RicoSuter | NSwag,651451,148715,800166,81.41,18.59,3091137,573335,3664472,84.35,15.65
C#,scriptcs | scriptcs,112717,6164,118881,94.81,5.19,501949,24095,526044,95.42,4.58
C#,serilog | serilog,78449,51453,129902,60.39,39.61,360766,219822,580588,62.14,37.86
C#,ServiceStack | ServiceStack,1606290,276101,1882391,85.33,14.67,7205339,1137468,8342807,86.37,13.63
C#,shadowsocksr-backup | shadowsocksr-csharp,196509,44867,241376,81.41,18.59,729368,178116,907484,80.37,19.63
C#,shadowsocks | shadowsocks-windows,96139,9945,106084,90.63,9.37,404716,42605,447321,90.48,9.52
C#,ShareX | ShareX,644667,178525,823192,78.31,21.69,3026128,753665,3779793,80.06,19.94
C#,SignalR | SignalR,308453,84941,393394,78.41,21.59,1360227,373213,1733440,78.47,21.53
C#,simplcommerce | SimplCommerce,276644,10934,287578,96.20,3.80,1266297,44903,1311200,96.58,3.42
C#,SixLabors | ImageSharp,707145,339493,1046638,67.56,32.44,2734063,1243616,3977679,68.74,31.26
C#,Sonarr | Sonarr,855951,50249,906200,94.45,5.55,3888255,211482,4099737,94.84,5.16
C#,sschmid | Entitas-CSharp,156326,61748,218074,71.68,28.32,749932,197376,947308,79.16,20.84
C#,StackExchange | Dapper,135819,45224,181043,75.02,24.98,544440,169121,713561,76.30,23.70
C#,StackExchange | StackExchange.Redis,331035,111199,442234,74.86,25.14,1302986,420929,1723915,75.58,24.42
C#,sta | websocket-sharp,82532,96761,179293,46.03,53.97,336959,353319,690278,48.81,51.19
C#,StockSharp | StockSharp,829260,502968,1332228,62.25,37.75,3715009,2145005,5860014,63.40,36.60
C#,sublimehq | Packages,4931,6747,11678,42.22,57.78,17234,62286,79520,21.67,78.33
C#,TheBerkin | rant,119740,60197,179937,66.55,33.45,459468,243902,703370,65.32,34.68
C#,ThreeMammals | Ocelot,245628,6166,251794,97.55,2.45,1186627,25414,1212041,97.90,2.10
C#,Topshelf | Topshelf,69444,42022,111466,62.30,37.70,327143,180767,507910,64.41,35.59
C#,udacity | self-driving-car-sim,145061,70930,215991,67.16,32.84,608690,275708,884398,68.83,31.17
C#,umbraco | Umbraco-CMS,1611780,638703,2250483,71.62,28.38,7268692,2523769,9792461,74.23,25.77
C#,Unity-Technologies | EntityComponentSystemSamples,96332,7783,104115,92.52,7.48,420835,36321,457156,92.06,7.94
C#,Unity-Technologies | FPSSample,1459852,150565,1610417,90.65,9.35,6441079,628009,7069088,91.12,8.88
C#,Unity-Technologies | ml-agents,85245,25446,110691,77.01,22.99,381595,107249,488844,78.06,21.94
C#,Unity-Technologies | PostProcessing,75019,29947,104966,71.47,28.53,348461,115401,463862,75.12,24.88
C#,Unity-Technologies | UnityCsReference,2874264,377926,3252190,88.38,11.62,14047371,1689611,15736982,89.26,10.74
C#,VsVim | VsVim,539887,97114,637001,84.75,15.25,2327958,386481,2714439,85.76,14.24
C#,windows-toolkit | WindowsCommunityToolkit,599838,342701,942539,63.64,36.36,3003238,1368567,4371805,68.70,31.30
C#,Wox-launcher | Wox,63202,7123,70325,89.87,10.13,271630,29514,301144,90.20,9.80
C#,xamarin | Xamarin.Forms,1841965,122953,1964918,93.74,6.26,8222088,522744,8744832,94.02,5.98
C#,xamarin | xamarin-forms-samples,9318521,1748599,11067120,84.20,15.80,55473469,8046780,63520249,87.33,12.67
C#,xunit | xunit,330039,66153,396192,83.30,16.70,1597868,260775,1858643,85.97,14.03
C#,xupefei | Locale-Emulator,21131,6161,27292,77.43,22.57,94391,24875,119266,79.14,20.86
C#,yck1509 | ConfuserEx,231717,26852,258569,89.62,10.38,962379,99691,1062070,90.61,9.39
